Year,Rank,Title_CN,Title_JP,Info,Score,RatingCount
2000,Rank84,FLCL,フリクリ,6话 /  2000年4月26日 / 鶴巻和哉 / GAINAX / 貞本義行,8.3,9608人评分
2000,Rank255,勇者王GaoGaiGar Final,勇者王ガオガイガーFINAL,8话 /  2000年1月21日 / 矢立肇 / 木村貴宏,8.1,461人评分
2000,Rank262,吸血鬼猎人D：妖杀行,Vampire Hunter D: Bloodlust,1话 /  2000-08-25、2001-04-21,8.0,2585人评分
2000,Rank317,魔卡少女樱 被封印的卡片,劇場版カードキャプターさくら 封印されたカード,1话 /  2000年7月15日 / 浅香守生 / CLAMP（講談社「なかよし」連載中） / 高橋久美子,7.9,3392人评分
2000,Rank347,游戏王－怪兽之决斗,遊☆戯☆王デュエルモンスターズ,224话 /  2000年4月18日 / 杉島邦久 / 高橋和希 / 荒木伸吾、姫野美智、 原憲一（第145話 - 第184話） 加々美高浩（第199話 - 第224話）//モンスターデザイン - 加々美高浩、高橋和徳、星野浩一、関崎高明、南伸一郎、本間孝弘,7.9,3244人评分
2000,Rank379,第一神拳,はじめの一歩,76话 /  2000年10月3日 / 西村聡 / 杉浦幸次,7.9,416人评分
2000,Rank552,数码宝贝大冒险 我们的战争游戏!,デジモンアドベンチャー ぼくらのウォーゲーム!,1话 /  2000年3月4日 / 細田守 / 中鶴勝祥,7.7,1576人评分
2000,Rank592,犬夜叉,犬夜叉,167话 /  2000年10月16日 / 池田成（1-44）、青木康直（45-） / 高橋留美子（「犬夜叉」小学館「週刊少年サンデー」連載中） / 菱沼義仁,7.7,4980人评分
2000,Rank905,星界的战旗,星界の戦旗,13话 /  2000年4月14日 / 長岡康史 / 森岡浩之（ハヤカワ文庫刊） / 渡部圭祐,7.5,485人评分
2000,Rank945,小魔女DoReMi ♯,おジャ魔女どれみ♯,49话 /  2000年2月6日 / 東堂いづみ / 馬越嘉彦,7.5,372人评分
2001,Rank19,千年女优,千年女優,1话 /  2001年7月28日、2002年9月14日 / 今敏 / 本田雄、今敏,8.7,12128人评分
2001,Rank28,千与千寻,千と千尋の神隠し,1话 /  2001年7月20日 / 宮崎駿 / 宮崎駿,8.6,25642人评分
2001,Rank98,蜡笔小新：大人王国的反击,クレヨンしんちゃん 嵐を呼ぶ モーレツ!オトナ帝国の逆襲,1话 /  2001年4月21日 / 原恵一 / 臼井儀人 / 末吉裕一郎、原勝徳,8.3,2743人评分
2001,Rank100,棋魂,ヒカルの碁,75话 /  2001年10月10日 / 西澤晋（1～15）、神谷純（16～59）、えんどうてつや（57～75） / ほったゆみ、小畑健(集英社「週刊少年ジャンプ」連載) / 本橋秀之（主人设）、関口可奈味、上田美由紀、芝美奈子,8.3,4807人评分
2001,Rank131,星际牛仔 天国之扉,カウボーイビバップ 天国の扉,1话 /  2001年9月1日 / 渡辺信一郎 / 矢立肇 / 川元利浩,8.2,6805人评分
2001,Rank266,数码宝贝驯兽师之王,デジモンテイマーズ,51话 /  2001年4月1日 / 中鶴勝祥,8.0,2562人评分
2001,Rank472,热带雨林的爆笑生活,ジャングルはいつもハレのちグゥ,26话 /  2001年4月3日 / 水島努 / 金田一蓮十郎,7.8,2318人评分
2001,Rank553,大～集合！小魔女DoReMi,も〜っと!おジャ魔女どれみ,50话 /  2001年2月4日 / 東堂いづみ / 馬越嘉彦,7.8,277人评分
2001,Rank847,猫汤,ねこぢる草,1话 /  2001年2月21日 / 佐藤竜雄 / ねこぢる（月刊ガロ連載）,7.5,2401人评分
2001,Rank849,星界的战旗II,星界の戦旗II,10话 /  2001年7月11日 / 長岡康史 / 森岡浩之（ハヤカワ文庫刊） / 渡部圭祐,7.6,408人评分
2002,Rank5,攻壳机动队 STAND ALONE COMPLEX,攻殻機動隊 STAND ALONE COMPLEX,26话 /  2002年10月1日 / 神山健治 / 士郎正宗「攻殻機動隊」（講談社 ヤングマガジン KCDX 刊） / 下村一（りぱ）,9.1,10836人评分
2002,Rank113,十二国记,十二国記,45话 /  2002年4月9日 / 小林常夫、栗原ひばり(40話のみ) / 小野不由美 / 田中比呂人、楠本祐子,8.2,4014人评分
2002,Rank137,猎人 OVA,HUNTER×HUNTER OVA 第1期,8话 /  2002年1月17日 / 冨樫義博,8.2,1714人评分
2002,Rank184,小魔女DoReMi 大合奏,おジャ魔女どれみドッカ～ン!,51话 /  2002年2月3日 / 東堂いづみ / 馬越嘉彦,8.2,368人评分
2002,Rank265,萩萩公主,プリンセスチュチュ,26话 /  2002年8月16日 / 河本昇悟 / 伊藤郁子,8.0,658人评分
2002,Rank369,笑园漫画大王,あずまんが大王 THE ANIMATION,26话 /  2002年4月8日 / 錦織博 / あずまきよひこ（メディアワークス刊『月刊電撃大王』） / 加藤やすひさ,7.8,2383人评分
2002,Rank386,名侦探柯南 贝克街的亡灵,名探偵コナン ベイカー街の亡霊,1话 /  2002年4月20日 / こだま兼嗣 / 青山剛昌（小学館「週刊少年サンデー」連載中） / 須藤昌朋,7.8,8249人评分
2002,Rank438,战斗妖精雪风,戦闘妖精雪風,5话 /  2002年8月25日 / 大倉雅彦 / 神林長平 / 多田由美,7.8,1829人评分
2002,Rank448,蜡笔小新：风起云涌 壮烈！战国大会战,クレヨンしんちゃん 嵐を呼ぶ アッパレ!戦国大合戦,1话 /  2002年4月20日 / 原恵一 / 臼井儀人 / 末吉裕一郎,7.8,1247人评分
2002,Rank497,热带雨林的爆笑生活DELUXE,ジャングルはいつもハレのちグゥ デラックス,12话 /  2002年8月25日 / 水島努 / 金田一蓮十郎,7.8,990人评分
2003,Rank104,东京教父,東京ゴッドファーザーズ,1话 /  2003年11月8日 / 今敏 / 今敏 / 小西賢一、今敏,8.3,7897人评分
2003,Rank106,百变之星,カレイドスター,51话 /  2003年4月3日 / 佐藤順一（全話）、平池芳正（第29～51話） / 渡辺はじめ、追崎史敏,8.3,1431人评分
2003,Rank130,钢之炼金术师,鋼の錬金術師,51话 /  2003年10月4日 / 水島精二 / 荒川弘 / 伊藤嘉之,8.2,9594人评分
2003,Rank158,星空清理者,プラネテス,26话 /  2003年10月4日 / 谷口悟朗 / 幸村誠 / 千羽由利子,8.2,3622人评分
2003,Rank160,全金属狂潮 校园篇,フルメタル・パニック? ふもっふ,12话 /  2003年8月26日 / 武本康弘 / 賀東招二 / 堀内修,8.1,6282人评分
2003,Rank191,奇诺之旅,キノの旅 -the Beautiful World-,13话 /  2003年4月8日 / 中村隆太郎 / 時雨沢恵一（メディアワークス・電撃文庫） / 須賀重行,8.1,5077人评分
2003,Rank430,神枪少女,GUNSLINGER GIRL,13话 /  2003年10月8日 / 浅香守生 / 相田裕（メディアワークス「月刊コミック電撃大王」連載）,7.8,2380人评分
2003,Rank482,猎人 OVA2 贪婪大陆,HUNTER×HUNTER OVA 第2期 GREED ISLAND,8话 /  2003年2月5日 / ユキヒロマツシタ（福島宏之） / 冨樫義博 / 田頭しのぶ,7.8,1268人评分
2003,Rank513,热带雨林的爆笑生活FINAL,ジャングルはいつもハレのちグゥ FINAL,14话 /  2003年12月21日 / 水島努 / 金田一蓮十郎,7.8,945人评分
2003,Rank521,铳墓,ガングレイヴ,26话 /  2003年10月6日 / 都留稔幸 / 内藤泰弘、レッド・エンタテインメント,7.7,1134人评分
2004,Rank1,攻壳机动队 S.A.C. 2nd GIG,攻殻機動隊 S.A.C. 2nd GIG,26话 /  2004年1月1日 / 神山健治 / 士郎正宗「攻殻機動隊」（講談社 ヤングマガジン KCDX 刊） / 後藤隆幸、西尾鉄也,9.2,9485人评分
2004,Rank20,攻壳机动队2 无罪,イノセンス,1话 /  2004年3月6日 / 押井守 / 士郎正宗（「攻殻機動隊」講談社刊） / 沖浦啓之,8.7,7773人评分
2004,Rank39,混沌武士,サムライチャンプルー,26话 /  2004年5月19日 / 渡辺信一郎 / Manglobe / 中澤一登；人物设定辅佐：小森秀人,8.5,10474人评分
2004,Rank116,怪物,MONSTER,74话 /  2004年4月6日 / 小島正幸 / 浦沢直樹（小学館・ビッグコミックス刊） / 藤田しげる；ゲストキャラデザイン：濱田邦彦、宮脇千鶴、津幡佳明,8.2,4241人评分
2004,Rank206,心灵游戏,マインド・ゲーム,1话 /  2004年8月7日 / 湯浅政明 / 末吉裕一郎,8.1,2157人评分
2004,Rank212,小魔女DoReMi 童年秘密篇,おジャ魔女どれみナ・イ・ショ,13话 /  2004年6月26日 / 東堂いづみ / 馬越嘉彦,8.2,310人评分
2004,Rank215,妄想代理人,妄想代理人,13话 /  2004年2月2日 / 今敏 / 安藤雅司,8.0,4569人评分
2004,Rank219,飞跃巅峰2！,トップをねらえ2!,6话 /  2004年11月26日 / 鶴巻和哉 / GAINAX / 貞本義行,8.0,4200人评分
2004,Rank249,校园迷糊大王,スクールランブル,26话 /  2004年10月5日 / 高松信司 / 小林尽（講談社「週刊少年マガジン」連載） / 渡辺はじめ,8.0,4285人评分
2004,Rank355,哈尔的移动城堡,ハウルの動く城,1话 /  2004年11月20日 / 宮崎駿 / ダイアナ・ウィン・ジョーンズ（Diana Wynne Jones）「魔法使いハウルと火の悪魔」（徳間書店刊）,7.8,11305人评分
2005,Rank22,虫师,蟲師,26话 /  2005年10月22日 / 長濵博史 / 漆原友紀（講談社 月刊「アフタヌーン」連載） / 馬越嘉彦,8.7,11285人评分
2005,Rank44,哆啦A梦,ドラえもん,2005年4月15日 / 善聡一郎（#1-#421）、八鍬新之介（#421.5-#442）、小倉宏文（#518-） / 藤子・F・不二雄 / 渡辺歩、富永貞義、丸山宏一、吉田誠,8.5,5662人评分
2005,Rank61,蜂蜜与四叶草,ハチミツとクローバー,24话 /  2005年4月14日 / カサヰケンイチ / 羽海野チカ（集英社「YOUNG YOU」連載） / 島村秀一,8.4,5590人评分
2005,Rank146,水星领航员,ARIA The ANIMATION,13话 /  2005年10月6日 / 佐藤順一 / 天野こずえ「ARIA」（月刊コミックブレイド連載） / 古賀誠,8.2,4320人评分
2005,Rank231,交响诗篇,交響詩篇エウレカセブン,50话 /  2005年4月17日 / 京田知己 / BONES,8.0,4013人评分
2005,Rank263,AIR,N/A,13话 /  2005年1月6日 / 石原立也 / Key/VISUAL ARTS / 荒谷朋恵,8.0,12794人评分
2005,Rank356,勇者王GaoGaiGar Final Grand Glorious Gathering,勇者王ガオガイガーFINAL GRAND GLORIOUS GATHERING,12话 /  2005年4月11日 / 矢立肇 / 木村貴宏,8.0,326人评分
2005,Rank376,搞笑漫画日和,ギャグマンガ日和,12话 /  2005年2月7日 / 大地丙太郎 / 増田こうすけ（集英社『月刊少年ジャンプ』連載）,7.8,6304人评分
2005,Rank414,全金属狂潮 The Second Raid,フルメタル・パニック! The Second Raid,13话 /  2005年7月13日 / 武本康弘 / 賀東招二 / 堀内修,7.8,4592人评分
2005,Rank442,草莓棉花糖,苺ましまろ,12话 /  2005年7月14日 / 佐藤卓哉 / ばらスィー (メディアワークス刊「月刊コミック電撃大王」連載中) / 坂井久太,7.8,3724人评分
2006,Rank23,银魂,銀魂,201话 /  2006年4月4日 / 高松信司（第1-105話）→藤田陽一（第100-話） / 空知英秋（集英社「週刊少年ジャンプ」連載） / 竹内進二,8.7,13169人评分
2006,Rank51,红辣椒,パプリカ,1话 /  2006年11月25日 / 今敏 / 筒井康隆 / 安藤雅司,8.5,12387人评分
2006,Rank54,蜂蜜与四叶草II,ハチミツとクローバー II,12话 /  2006年6月29日 / 長井龍雪 / 羽海野チカ（集英社「コーラス」連載） / 島村秀一,8.5,4316人评分
2006,Rank64,死亡笔记,DEATH NOTE,37话 /  2006年10月4日 / 荒木哲郎 / 大場つぐみ・小畑健（集英社ジャンプコミックス刊） / 北尾勝,8.4,23614人评分
2006,Rank76,攻壳机动队 S.A.C. Solid State Society,攻殻機動隊 STAND ALONE COMPLEX Solid State Society,1话 /  2006年9月1日 / 神山健治 / 士郎正宗 / 下村一(りぱ)、後藤隆幸、西尾鉄也,8.4,3692人评分
2006,Rank79,Code Geass 反叛的鲁路修,コードギアス 反逆のルルーシュ,25话 /  2006年10月5日 / 谷口悟朗 / 木村貴宏,8.3,20948人评分
2006,Rank110,水星领航员 第二季,ARIA The NATURAL,26话 /  2006年4月3日 / 佐藤順一 / 天野こずえ「ARIA」（月刊コミックブレイド連載） / 古賀誠,8.3,2598人评分
2006,Rank141,欢迎加入NHK！,N・H・Kにようこそ！,24话 /  2006年7月9日 / 山本裕介 / 滝本竜彦×大岩ケンヂ（「月刊少年エース」連載、角川コミックス・エース刊） / 右凑具央(石浜真史)、吉田隆彦,8.2,8281人评分
2006,Rank147,凉宫春日的忧郁,涼宮ハルヒの憂鬱,14话 /  2006年4月2日 / 石原立也 / 谷川流 / 池田晶子,8.2,18017人评分
2006,Rank151,皇家国教骑士团 OVA,HELLSING OVA,10话 /  2006年2月10日 / ところともかず（#1 - #4）、田中洋之（#5 - #7）、松村やすひろ（#8、#10）、鈴木健一（#9 - #10） / 平野耕太（少年画報社「YOUNG KING OURs」連載） / 中森良治,8.2,6676人评分
2007,Rank38,天元突破 红莲螺岩,天元突破グレンラガン,27话 /  2007年4月1日 / 今石洋之 / 錦織敦史,8.6,15579人评分
2007,Rank74,CLANNAD,CLANNAD -クラナド-,23话 /  2007年10月4日 / 石原立也 / Key/VISUAL ARTS / 池田和美,8.4,26462人评分
2007,Rank95,幸运星,らき☆すた,24话 /  2007年4月8日 / 山本寛(1-4) / 武本康弘(5-24) / 美水かがみ / 堀口悠紀子,8.3,17744人评分
2007,Rank133,物怪,モノノ怪,12话 /  2007年7月12日,8.2,4135人评分
2007,Rank144,永生之酒,BACCANO! -バッカーノ!-,16话 /  2007年7月26日 / 大森貴弘 / 成田良悟（メディアワークス電撃文庫） / 岸田隆宏,8.2,11169人评分
2007,Rank171,水星领航员 OVA ～ARIETTA～,ARIA The OVA ～ARIETTA～,1话 /  2007年9月21日 / 佐藤順一 / 天野こずえ「ARIA」（月刊コミックブレイド連載） / 古賀誠,8.1,1537人评分
2007,Rank177,寒蝉鸣泣之时 解,ひぐらしのなく頃に解,24话 /  2007年7月5日 / 今千秋 / 竜騎士07/07th Expansion / 坂井久太,8.1,12175人评分
2007,Rank179,电脑线圈,電脳コイル,26话 /  2007年5月12日 / 磯光雄 / 磯光雄 / 本田雄,8.1,4637人评分
2007,Rank199,福音战士新剧场版：序,ヱヴァンゲリヲン新劇場版:序,1话 /  2007年9月1日 / 摩砂雪、鶴巻和哉 / 庵野秀明 / 貞本義行（主）,8.1,15312人评分
2007,Rank207,王牌投手 振臂高挥,おおきく振りかぶって,26话 /  2007年4月12日 / 吉田隆彦,8.1,2076人评分
2008,Rank2,CLANNAD 〜AFTER STORY〜,N/A,24话 /  2008年10月2日 / 石原立也 / Key/VISUAL ARTS / 池田和美,9.1,29473人评分
2008,Rank25,水星领航员 第三季,ARIA The ORIGINATION,14话 /  2008年1月8日 / 佐藤順一 / 天野こずえ「ARIA」（月刊コミックブレイド連載） / 古賀誠,8.7,2720人评分
2008,Rank55,剧场版 空之境界 第五章 矛盾螺旋,劇場版 空の境界 第五章 矛盾螺旋,1话 /  2008年8月16日 / 平尾隆之 / 奈須きのこ / 須藤友徳、高橋タクロヲ,8.4,11706人评分
2008,Rank65,攻壳机动队2.0,GHOST IN THE SHELL / 攻殻機動隊2.0,1话 /  2008年7月12日 / 押井守,8.4,2884人评分
2008,Rank85,Code Geass 反叛的鲁路修R2,コードギアス 反逆のルルーシュR2,25话 /  2008年4月6日 / 谷口悟朗 / 木村貴宏,8.3,17511人评分
2008,Rank182,悠久之翼2,ef - a tale of melodies.,12话 /  2008年10月6日 / 大沼心 / minori・鏡遊・御影 / 杉山延寛,8.1,5735人评分
2008,Rank236,龙与虎,とらドラ！,25话 /  2008年10月1日 / 長井龍雪 / 竹宮ゆゆこ（アスキー・メディアワークス／電撃文庫） / 田中将賀,8.0,26045人评分
2008,Rank238,夏目友人帐,夏目友人帳,13话 /  2008年7月7日 / 大森貴弘 / 緑川ゆき（白泉社「月刊LaLa」「LaLa DX」連載） / 髙田晃,8.0,11422人评分
2008,Rank250,海马,カイバ,12话 /  2008年4月10日 / 湯浅政明 / 湯浅政明 / 伊東伸高,8.0,2264人评分
2008,Rank282,游戏王5D's,遊☆戯☆王ファイブディーズ,154话 /  2008年4月2日 / 小野勝巳 [1～85・93～154]、菱川直樹 [86～92] / 高橋和希 スタジオ・ダイス / 丸山修二；客串人物设定：原憲一 [118～129],7.9,2134人评分
2009,Rank11,钢之炼金术师 FULLMETAL ALCHEMIST,鋼の錬金術師 FULLMETAL ALCHEMIST,64话 /  2009年4月5日 / 入江泰浩 / 荒川弘（掲載 月刊「少年ガンガン」スクウェア・エニックス刊） / 菅野宏紀,8.8,23441人评分
2009,Rank56,福音战士新剧场版：破,ヱヴァンゲリヲン新劇場版:破,1话 /  2009年6月27日 / 摩砂雪、鶴巻和哉 / 庵野秀明 / 貞本義行（主）,8.4,17038人评分
2009,Rank66,化物语,化物語,15话 /  2009年7月3日 / 新房昭之 / 西尾維新「化物語」（講談社BOX） / 渡辺明夫,8.4,23449人评分
2009,Rank107,轻音少女,けいおん！,14话 /  2009年4月2日 / 山田尚子 / かきふらい（芳文社「まんがタイムきらら」連載） / 堀口悠紀子,8.3,28425人评分
2009,Rank194,四叶游戏,クロスゲーム,50话 /  2009年4月5日 / 関田修 / あだち充 / 近藤優次,8.1,1397人评分
2009,Rank224,凉宫春日的忧郁 2009,涼宮ハルヒの憂鬱,28话 /  2009年4月2日 / 团长辅佐：武本康弘 / 谷川流 / 池田晶子,8.0,18758人评分
2009,Rank225,续 夏目友人帐,続 夏目友人帳,13话 /  2009年1月5日 / 大森貴弘 / 緑川ゆき（白泉社「月刊LaLa」「LaLa DX」連載） / 髙田晃,8.0,7689人评分
2009,Rank240,剧场版 空之境界 第七章 杀人考察（后）,劇場版 空の境界 第七章 殺人考察(後),1话 /  2009年8月8日 / 瀧沢進介（あおきえい、野中卓也、近藤光、平尾隆之、小船井充） / 奈須きのこ / 須藤友徳、高橋タクロヲ、小船井充,8.0,9303人评分
2009,Rank362,天体战士 第2期,天体戦士サンレッド 第2期,26话 /  2009年10月3日 / 松本剛彦 / くぼたまこと / 森田和明,7.9,887人评分
2009,Rank387,狼与香辛料 第二季,狼と香辛料Ⅱ,12话 /  2009年7月8日 / 高橋丈夫 / 支倉凍砂（アスキー・メディアワークス／電撃文庫刊） / 小林利充,7.8,8073人评分
2010,Rank16,凉宫春日的消失,涼宮ハルヒの消失,1话 /  2010年2月6日 / 武本康弘 / 谷川流 / 池田晶子,8.7,23007人评分
2010,Rank33,四叠半神话大系,四畳半神話大系,11话 /  2010年4月22日 / 湯浅政明 / 森見登美彦「四畳半神話大系」（太田出版、角川文庫刊） / 伊東伸高,8.6,14511人评分
2010,Rank60,轻音少女 第二季,けいおん！！,27话 /  2010年4月6日 / 山田尚子 / かきふらい（芳文社「まんがタイムきらら」連載） / 堀口悠紀子,8.4,23083人评分
2010,Rank136,战斗之魂Brave,バトルスピリッツ ブレイヴ,50话 /  2010年9月12日 / 西森章 / 矢立肇 / 湯本佳典、石川てつや,8.4,236人评分
2010,Rank188,王牌投手 振臂高挥～夏日大会篇～,おおきく振りかぶって～夏の大会編～,14话 /  2010年4月1日 / 水島努 / 吉田隆彦,8.1,1543人评分
2010,Rank208,Heart Catch 光之美少女！,ハートキャッチプリキュア!,49话 /  2010年2月7日 / 東堂いづみ / 馬越嘉彦,8.1,1309人评分
2010,Rank245,吊带袜天使,Panty & Stocking with Garterbelt,13话 /  2010年10月1日 / 今石洋之 / GAINAX / 錦織敦史,8.0,13170人评分
2010,Rank246,爆漫王。,バクマン。,25话 /  2010年10月2日 / カサヰケンイチ、秋田谷典昭 / 大場つぐみ、小畑健 / 下谷智之,8.0,6848人评分
2010,Rank311,红线,REDLINE,1话 /  2010年10月9日 / 小池健 / 石井克人 / 小池健,7.9,3299人评分
2010,Rank313,无头骑士异闻录,デュラララ!!,26话 /  2010年1月7日 / 大森貴弘 / 成田良悟「デュラララ!!」（電撃文庫／アスキー・メディアワークス刊） / 岸田隆宏,7.9,13605人评分
2011,Rank9,命运石之门,STEINS;GATE,25话 /  2011年4月6日 / 佐藤卓哉×浜崎博嗣 (第1-24话)、小林智樹 (第25话) / 5pb. / Nitro+ / 坂井久太,8.8,37551人评分
2011,Rank21,银魂',銀魂',51话 /  2011年4月4日 / 藤田陽一 / 空知英秋（集英社「週刊少年ジャンプ」連載） / 竹内進二,8.7,13112人评分
2011,Rank34,魔法少女小圆,魔法少女まどか☆マギカ,12话 /  2011年1月6日 / 新房昭之 / Magica Quartet / 岸田隆宏,8.6,36240人评分
2011,Rank49,日常,日常,26话 /  2011年4月2日 / 石原立也 / あらゐけいいち（「月刊少年エース」連載／角川コミックス・エース刊） / 西屋太志,8.5,24092人评分
2011,Rank70,轻音少女 剧场版,映画けいおん！,1话 /  2011年12月3日 / 山田尚子 / かきふらい（芳文社「まんがタイムきらら」連載） / 堀口悠紀子,8.4,15479人评分
2011,Rank86,偶像大师,THE IDOLM@STER,26话 /  2011年7月7日 / 錦織敦史 / バンダイナムコゲームス（バンダイナムコエンターテインメント） / 錦織敦史,8.3,8209人评分
2011,Rank142,猎人,HUNTER×HUNTER,148话 /  2011年10月2日 / 神志那弘志 / 冨樫義博 / 吉松孝博、いんどり牧場（88-148）,8.2,6078人评分
2011,Rank154,夏目友人帐 叁,夏目友人帳 参,13话 /  2011年7月4日 / 大森貴弘 / 緑川ゆき（白泉社「月刊LaLa」連載） / 髙田晃,8.2,8773人评分
2011,Rank173,Fate/Zero,Fate/Zero,25话 /  2011年10月1日 / あおきえい / 虚淵玄／TYPE-MOON / 須藤友徳、碇谷敦,8.1,29185人评分
2011,Rank180,爆漫王。2,バクマン。2,25话 /  2011年10月1日 / カサヰケンイチ、秋田谷典昭 / 大場つぐみ、小畑健 / 下谷智之,8.1,5179人评分
2012,Rank105,银魂' 延长战,銀魂' 延長戦,13话 /  2012年10月4日 / 藤田陽一 / 空知英秋（集英社「週刊少年ジャンプ」連載） / 竹内進二,8.3,4426人评分
2012,Rank109,爆漫王。3,バクマン。3,25话 /  2012年10月6日 / カサヰケンイチ、秋田谷典昭 / 大場つぐみ、小畑健 / 下谷智之,8.3,4950人评分
2012,Rank145,冰菓,氷菓,22话 /  2012年4月22日 / 武本康弘 / 米澤穂信（角川文庫刊「古典部シリーズ」から・少年エース連載） / 西屋太志,8.2,31236人评分
2012,Rank150,日常 ETV版,日常 Eテレ版,12话 /  2012年1月7日,8.2,2429人评分
2012,Rank155,来自新世界,新世界より,25话 /  2012年9月28日 / 石浜真史 / 久保田誓（メイン）、清水祐実（サブ）,8.2,14538人评分
2012,Rank187,剧场版 魔法少女小圆 [后篇] 永远的物语,劇場版 魔法少女まどか☆マギカ [後編] 永遠の物語,1话 /  2012年10月13日 / 宮本幸裕 / Magica Quartet / 岸田隆宏、谷口淳一郎,8.1,6044人评分
2012,Rank192,宇宙兄弟,宇宙兄弟,99话 /  2012年4月1日 / 渡辺歩 / 小山宙哉（講談社「モーニング」連載中）,8.1,1715人评分
2012,Rank241,夏目友人帐 肆,夏目友人帳 肆,13话 /  2012年1月2日 / 大森貴弘 / 緑川ゆき（白泉社「月刊LaLa」連載） / 髙田晃,8.0,6386人评分
2012,Rank258,狼的孩子雨和雪,おおかみこどもの雨と雪,1话 /  2012年7月21日 / 細田守 / 細田守 / 貞本義行,8.0,7748人评分
2012,Rank287,心理测量者,PSYCHO-PASS サイコパス,"22话 /  2012年10月11日 / 塩谷直義 / 浅野恭司；人设协力：上山徹郎(12)、八尋裕子(12)、恩田尚之(13,19,22)、都築裕佳子(14)、井川麗奈(14-18)、谷口宏美(19-22)、頂真司(20)、TAKAOKA(22)",7.9,13992人评分
2013,Rank35,剧场版 魔法少女小圆 [新篇] 叛逆的物语,劇場版 魔法少女まどか☆マギカ [新編] 叛逆の物語,1话 /  2013年10月26日 / 宮本幸裕 / Magica Quartet / 岸田隆宏、谷口淳一郎,8.6,16596人评分
2013,Rank115,物语系列 第二季,〈物語〉シリーズ セカンドシーズン,26话 /  2013年7月6日 / 板村智幸 / 西尾維新『猫物語（白）』『傾物語』『囮物语』『鬼物語』『恋物語』（講談社BOX） / 渡辺明夫；上條修（恋物语OP）,8.2,12330人评分
2013,Rank128,进击的巨人,進撃の巨人,25话 /  2013年4月6日 / 荒木哲郎 / 諫山創（別冊少年マガジン連載／講談社） / 浅野恭司,8.2,29180人评分
2013,Rank156,歌牌情缘 第二季,ちはやふる2,25话 /  2013年1月11日 / 浅香守生 / 末次由紀（講談社「BE・LOVE」連載）,8.2,3961人评分
2013,Rank166,辉夜姬物语,かぐや姫の物語,1话 /  2013年11月23日 / 高畑勲 / 「竹取物語」 / 田辺修,8.1,3017人评分
2013,Rank190,斩服少女,キルラキル,24话 /  2013年10月3日 / 今石洋之 / TRIGGER・中島かずき / すしお,8.1,16772人评分
2013,Rank229,悠哉日常大王,のんのんびより,12话 /  2013年10月7日 / 川面真也 / あっと（月刊コミックアライブ連載/KADOKAWA刊） / 大塚舞,8.0,10811人评分
2013,Rank280,银之匙 Silver Spoon,銀の匙 Silver Spoon,11话 /  2013年7月11日 / 伊藤智彦 / 荒川弘「銀の匙 Silver Spoon」（小学館「週刊少年サンデー」連載） / 中井準,7.9,5426人评分
2013,Rank290,向阳素描 沙英・寻 毕业篇,ひだまりスケッチ 沙英・ヒロ 卒業編,2话 /  2013年11月27日 / 八瀬祐樹 / 蒼樹うめ（芳文社「まんがタイムきららCarat」連載） / 伊藤良明,8.0,815人评分
2013,Rank319,银魂剧场版 完结篇 万事屋永不落,劇場版 銀魂 完結篇 万事屋よ永遠なれ,1话 /  2013年7月6日 / 藤田陽一 / 空知英秋（集英社「週刊少年ジャンプ」連載） / 竹内進二,7.9,3535人评分
2014,Rank14,白箱,SHIROBAKO,24话 /  2014年10月9日 / 水島努 / 武蔵野アニメーション / 関口可奈味,8.7,22030人评分
2014,Rank24,乒乓,ピンポン THE ANIMATION,11话 /  2014年4月10日 / 湯浅政明 / 松本大洋（小学館 ビッグスピリッツコミックス刊） / 伊東伸高,8.7,16235人评分
2014,Rank37,虫师 续章 第2部分,蟲師 続章 第2クール,10话 /  2014年10月18日 / 長濵博史 / 漆原友紀（講談社 月刊アフタヌーン 所載） / 馬越嘉彦,8.6,4162人评分
2014,Rank47,虫师 续章,蟲師 続章,11话 /  2014年4月4日 / 長濵博史 / 漆原友紀（講談社 月刊アフタヌーン 所載） / 馬越嘉彦,8.5,4587人评分
2014,Rank121,虫师 特別篇 蚀日之翳,蟲師 特別篇 日蝕む翳,1话 /  2014年1月4日 / 長濵博史 / 漆原友紀（講談社 月刊アフタヌーン 所載） / 馬越嘉彦,8.2,3006人评分
2014,Rank138,太空丹迪 第二季,スペース☆ダンディ シーズン2,13话 /  2014年7月6日,8.2,3590人评分
2014,Rank168,排球少年,ハイキュー!!,25话 /  2014年4月6日 / 満仲勧 / 古舘春一（集英社「週刊少年ジャンプ」連載） / 岸田隆宏,8.1,8798人评分
2014,Rank213,JOJO的奇妙冒险 星尘斗士,ジョジョの奇妙な冒険 スターダストクルセイダース,24话 /  2014年4月4日 / 津田尚克 / 荒木飛呂彦（集英社ジャンプ コミックス刊） / 小美野雅彦,8.0,16503人评分
2014,Rank216,日本动画（人）博览会,日本アニメ（ーター）見本市,35话 /  2014年11月7日,8.0,2274人评分
2014,Rank237,银之匙 Silver Spoon 第二季,銀の匙 Silver Spoon 第2期,11话 /  2014年1月9日 / 出合小都美 / 荒川弘「銀の匙 Silver Spoon」（小学館「週刊少年サンデー」連載） / 中井準,8.0,4183人评分
2015,Rank88,少女与战车 剧场版,ガールズ&パンツァー 劇場版,1话 /  2015年11月21日 / 水島努 / 杉本功,8.3,6714人评分
2015,Rank90,吹响吧！上低音号,響け！ユーフォニアム,14话 /  2015年4月7日 / 石原立也 / 武田綾乃（宝島社文庫『響け! ユーフォニアム 北宇治高校吹奏楽部へようこそ』） / 池田晶子,8.3,20983人评分
2015,Rank97,水星领航员 The AVVENIRE,ARIA The AVVENIRE,3话 /  2015年9月26日 / 佐藤順一 / 天野こずえ「ARIA」（ブレイドコミックス／マッグガーデン刊） / 音地正行,8.3,1644人评分
2015,Rank108,排球少年 第二季,ハイキュー!! セカンドシーズン,25话 /  2015年10月3日 / 満仲勧 / 古舘春一（集英社「週刊少年ジャンプ」連載） / 岸田隆宏,8.3,6819人评分
2015,Rank111,JOJO的奇妙冒险 星尘斗士 埃及篇,ジョジョの奇妙な冒険 スターダストクルセイダース エジプト編,24话 /  2015年1月9日 / 津田尚克 / 荒木飛呂彦（集英社ジャンプ コミックス刊） / 小美野雅彦,8.2,16612人评分
2015,Rank124,银魂°,銀魂°,51话 /  2015年4月8日 / 宮脇千鶴 / 空知英秋（集英社「週刊少年ジャンプ」連載） / 竹内進二,8.2,4487人评分
2015,Rank132,虫师 特别篇 铃之雫,蟲師 特別編「鈴の雫」,1话 /  2015年5月16日 / 長濵博史 / 漆原友紀（講談社 月刊アフタヌーン 所載） / 馬越嘉彦,8.2,2364人评分
2015,Rank209,一拳超人,ワンパンマン,12话 /  2015年10月4日 / 夏目真悟 / ONE・村田雄介「ワンパンマン」（集英社「となりのヤングジャンプ」連載） / 久保田誓,8.0,20432人评分
2015,Rank211,悠哉日常大王 Repeat,のんのんびより  りぴーと,12话 /  2015年7月6日 / 川面真也 / あっと（月刊コミックアライブ連載/KADOKAWA刊） / 大塚舞,8.0,7152人评分
2015,Rank275,机动战士高达 THE ORIGIN,機動戦士ガンダム THE ORIGIN,6话 /  2015年4月24日 / 今西隆志(1-3) / 矢立肇・富野由悠季；漫画原作：安彦良和 / 安彦良和、ことぶきつかさ,7.9,3133人评分
2016,Rank52,吹响吧！上低音号 第二季,響け！ユーフォニアム2,13话 /  2016年10月5日 / 石原立也 / 武田綾乃（宝島社文庫「響け！ユーフォニアム」シリーズ） / 池田晶子,8.5,16838人评分
2016,Rank59,排球少年 乌野高校 VS 白鸟泽学园高校,ハイキュー!! 烏野高校 VS 白鳥沢学園高校,10话 /  2016年10月7日 / 満仲勧 / 古舘春一（集英社「週刊少年ジャンプ」連載） / 岸田隆宏,8.4,6268人评分
2016,Rank87,3月的狮子,3月のライオン,22话 /  2016年10月8日 / 新房昭之 / 羽海野チカ（白泉社 ヤングアニマル連載） / 杉山延寛,8.3,10473人评分
2016,Rank170,昭和元禄落语心中,昭和元禄落語心中,13话 /  2016年1月8日 / 畠山守(小俣真一) / 雲田はるこ（講談社「ITAN」連載） / 細居美恵子,8.1,3577人评分
2016,Rank193,你的名字。,君の名は。,1话 /  2016年8月26日 / 新海誠 / 新海誠 / 田中将賀、安藤雅司,8.1,31898人评分
2016,Rank230,伤物语Ⅱ热血篇,傷物語Ⅱ熱血篇,1话 /  2016年8月19日 / 尾石達也 / 西尾維新「傷物語」（講談社BOX） / 渡辺明夫、守岡英行,8.0,8143人评分
2016,Rank274,伤物语Ⅰ铁血篇,傷物語Ⅰ鉄血篇,1话 /  2016年1月8日 / 尾石達也 / 西尾維新「傷物語」（講談社BOX） / 渡辺明夫、守岡英行,7.9,8708人评分
2016,Rank374,灵能百分百,モブサイコ100,12话 /  2016年7月11日 / 立川譲 / ONE（小学館「マンガワン」連載中） / 亀田祥倫,7.8,15881人评分
2016,Rank378,JOJO的奇妙冒险 不灭钻石,ジョジョの奇妙な冒険 ダイヤモンドは砕けない,39话 /  2016年4月1日 / 津田尚克 / 荒木飛呂彦（集英社ジャンプ コミックス刊） / 西位輝実,7.8,14327人评分
2016,Rank505,齐木楠雄的灾难,斉木楠雄のΨ難,24话 /  2016年7月10日 / 桜井弘明 / 麻生周一（集英社「週刊少年ジャンプ」連載） / 音地正行,7.7,15011人评分
2017,Rank10,3月的狮子 第二季,3月のライオン 第2シリーズ,22话 /  2017年10月14日 / 新房昭之 / 羽海野チカ（白泉社 ヤングアニマル連載） / 杉山延寛,8.8,9924人评分
2017,Rank101,昭和元禄落语心中 -助六再临篇-,昭和元禄落語心中 -助六再び篇-,12话 /  2017年1月6日 / 畠山守(小俣真一) / 雲田はるこ（講談社「ITAN」連載） / 細居美恵子,8.3,2531人评分
2017,Rank112,来自深渊,メイドインアビス,13话 /  2017年7月7日 / 小島正幸 / つくしあきひと（竹書房「WEBコミックガンマ」） / 黄瀬和哉,8.2,17862人评分
2017,Rank118,伤物语Ⅲ冷血篇,傷物語Ⅲ冷血篇,1话 /  2017年1月6日 / 尾石達也 / 西尾維新「傷物語」（講談社BOX） / 渡辺明夫、守岡英行,8.2,8638人评分
2017,Rank159,游戏人生 零,ノーゲーム・ノーライフ ゼロ,1话 /  2017年7月15日 / いしづかあつこ / 榎宮祐（MF文庫J『ノーゲーム･ノーライフ』／KADOKAWA刊） / 田﨑聡,8.1,17895人评分
2017,Rank162,春宵苦短，少女前进吧！,夜は短し歩けよ乙女,1话 /  2017年4月7日 / 湯浅政明 / 森見登美彦『夜は短し歩けよ乙女』（角川文庫刊） / 伊東伸高,8.1,9238人评分
2017,Rank164,少女终末旅行,少女終末旅行,12话 /  2017年10月6日 / 尾崎隆晴 / つくみず（新潮社「くらげバンチ」連載） / 戸田麻衣,8.1,15765人评分
2017,Rank169,终物语（下）,終物語(下),7话 /  2017年8月12日 / 板村智幸 / 西尾維新「終物語 下」（講談社BOX） / 渡辺明夫,8.1,7447人评分
2017,Rank175,进击的巨人 第二季,進撃の巨人 Season 2,12话 /  2017年4月1日 / 肥塚正史 / 諫山創（別冊少年マガジン連載／講談社） / 浅野恭司,8.1,20134人评分
2017,Rank201,剧场版 吹响吧！上低音号～想要传达的旋律～,劇場版 響け！ユーフォニアム～届けたいメロディ～,1话 /  2017年9月30日 / 小川太一 / 武田綾乃（宝島社文庫「響け！ユーフォニアム」シリーズ） / 池田晶子,8.1,5198人评分
2018,Rank27,莉兹与青鸟,リズと青い鳥,1话 /  2018年4月21日 / 山田尚子 / 武田綾乃（宝島社文庫「響け！ユーフォニアム 北宇治高校吹奏楽部、波乱の第二楽章」） / 西屋太志,8.6,18713人评分
2018,Rank77,强风吹拂,風が強く吹いている,23话 /  2018年10月2日 / 野村和也 / 三浦しをん『風が強く吹いている』（新潮文庫刊） / 千葉崇洋,8.4,9791人评分
2018,Rank99,进击的巨人 第三季,進撃の巨人 Season 3,12话 /  2018年7月22日 / 肥塚正史 / 諫山創（別冊少年マガジン連載／講談社） / 浅野恭司,8.3,19087人评分
2018,Rank117,摇曳露营△,ゆるキャン△,12话 /  2018年1月4日 / 京極義昭 / あfろ（芳文社「まんがタイムきららフォワード」連載） / 佐々木睦美,8.2,16336人评分
2018,Rank129,命运石之门 0,シュタインズ・ゲート ゼロ,24话 /  2018年4月11日 / 川村賢一 / 志倉千代丸/MAGES. / 稲吉智重,8.2,14723人评分
2018,Rank148,比宇宙更远的地方,宇宙よりも遠い場所,13话 /  2018年1月2日 / いしづかあつこ / よりもい / 吉松孝博,8.2,14889人评分
2018,Rank233,剧场版 悠哉日常大王 Vacation,劇場版 のんのんびより ばけーしょん,1话 /  2018年8月25日 / 川面真也 / あっと（月刊コミックアライブ連載/KADOKAWA刊） / 大塚舞,8.0,4089人评分
2018,Rank244,JOJO的奇妙冒险 黄金之风,ジョジョの奇妙な冒険 黄金の風,39话 /  2018年10月5日 / 木村泰大・髙橋秀弥 / 荒木飛呂彦（集英社ジャンプ コミックス刊） / 岸田隆宏,8.0,14508人评分
2018,Rank293,少女☆歌剧 Revue Starlight,少女☆歌劇 レヴュースタァライト,12话 /  2018年7月12日 / 古川知宏 / ブシロード／ネルケプランニング／KINEMA CITRUS / 齊田博之,7.9,15417人评分
2018,Rank297,续·终物语,続・終物語,6话 /  2018年11月10日 / 新房昭之 / 西尾維新「続・終物語」（講談社BOX） / 渡辺明夫,7.9,5757人评分
2019,Rank18,进击的巨人 第三季 Part.2,進撃の巨人 Season 3 Part.2,10话 /  2019年4月28日 / 肥塚正史 / 諫山創（別冊少年マガジン連載／講談社） / 浅野恭司,8.7,21510人评分
2019,Rank81,冰海战记,ヴィンランド・サガ,24话 /  2019年7月7日 / 籔田修平 / 幸村誠「ヴィンランド・サガ」（講談社『アフタヌーン』連載） / 阿比留隆彦,8.3,12258人评分
2019,Rank161,高分少女 第二季,ハイスコアガールⅡ,9话 /  2019年10月25日 / 山川吉樹 / 押切蓮介（掲載 月刊「ビッグガンガン」スクウェア・エニックス刊） / 桑波田満（SMDE）,8.1,4925人评分
2019,Rank167,灵能百分百 第二季,モブサイコ100 Ⅱ,13话 /  2019年1月7日 / 立川譲 / ONE（小学館「マンガワン」連載） / 亀田祥倫,8.1,14209人评分
2019,Rank198,剧场版 吹响吧！上低音号～誓言的终章～,劇場版 響け！ユーフォニアム～誓いのフィナーレ～,1话 /  2019年4月19日 / 石原立也 / 武田綾乃（宝島社文庫『響け! ユーフォニアム 北宇治高校吹奏楽部､波乱の第二楽章』） / 池田晶子,8.1,10329人评分
2019,Rank308,来自深渊 漂泊之黄昏,劇場版総集編 メイドインアビス【後編】 放浪する黄昏,1话 /  2019年1月18日 / 小島正幸 / つくしあきひと / 黄瀬和哉,7.9,2816人评分
2019,Rank364,辉夜大小姐想让我告白～天才们的恋爱头脑战～,かぐや様は告らせたい～天才たちの恋愛頭脳戦～,12话 /  2019年1月12日 / 畠山守(小俣真一) / 赤坂アカ（集英社「週刊ヤングジャンプ」連載） / 八尋裕子,7.8,25511人评分
2019,Rank435,电影 Star☆Twinkle 光之美少女 满怀思念的星之歌,映画 スター☆トゥインクルプリキュア 星のうたに想いをこめて,1话 /  2019年10月19日 / 田中裕太 / 東堂いづみ / 高橋晃・小松こずえ,7.9,317人评分
2019,Rank437,剧场版 Fate/stay night [Heaven's Feel] II.lost butterfly,劇場版 Fate/stay night [Heaven's Feel] II.lost butterfly,1话 /  2019年1月12日 / 須藤友徳 / 奈須きのこ／TYPE-MOON / 須藤友徳、碇谷敦、田畑壽之,7.8,11580人评分
2019,Rank476,擅长捉弄的高木同学 第二季,からかい上手の高木さん②,12话 /  2019年7月7日 / 赤城博昭 / 山本崇一朗「からかい上手の高木さん」「あしたは土曜日」（小学館「ゲッサン」連載中） / 高野綾,7.7,8533人评分
2020,Rank178,黄金神威 第三季,ゴールデンカムイ 第3期,12话 /  2020年10月5日 / 難波日登志 / 野田サトル（集英社「週刊ヤングジャンプ」連載） / 大貫健一,8.1,3269人评分
2020,Rank186,别对映像研出手！,映像研には手を出すな！,12话 /  2020年1月5日 / 湯浅政明 / 大童澄瞳（小学館「月刊！スピリッツ」連載中） / 浅野直之,8.1,8585人评分
2020,Rank270,来自深渊 深沉灵魂的黎明,メイドインアビス 深き魂の黎明,1话 /  2020年1月17日 / 小島正幸 / つくしあきひと（竹書房「WEBコミックガンマ」） / 黄瀬和哉,7.9,10312人评分
2020,Rank321,辉夜大小姐想让我告白?～天才们的恋爱头脑战～,かぐや様は告らせたい?～天才たちの恋愛頭脳戦～,12话 /  2020年4月11日 / 畠山守(小俣真一) / 赤坂アカ（集英社「週刊ヤングジャンプ」連載） / 八尋裕子,7.9,22697人评分
2020,Rank492,少女与战车 最终章 第2话,ガールズ&パンツァー 最終章 第2話,1话 /  2019年6月15日 / 水島努 / 杉本功,7.7,2617人评分
2020,Rank530,进击的巨人 最终季,進撃の巨人 The Final Season,16话 /  2020年12月6日 / 林祐一郎 / 諫山創（別冊少年マガジン連載／講談社） / 岸友洋,7.7,13933人评分
2020,Rank531,异种族风俗娘评鉴指南,異種族レビュアーズ,12话 /  2020年1月11日 / 小川優樹 / 天原；作画：masha（ドラゴンコミックスエイジ「異種族レビュアーズ」／KADOKAWA刊） / うのまこと,7.7,13319人评分
2020,Rank608,排球少年 TO THE TOP 第二期,ハイキュー!! TO THE TOP 第2クール,12话 /  2020年10月2日 / 佐藤雅子 / 古舘春一（集英社「週刊少年ジャンプ」連載） / 岸田隆宏,7.7,2919人评分
2020,Rank630,Re：从零开始的异世界生活 新编集版,Re:ゼロから始める異世界生活 新編集版,25话 /  2020年1月1日 / 渡邊政治 / 長月達平（MF文庫J「Re:ゼロから始める異世界生活」/KADOKAWA刊） / 坂井久太,7.6,6812人评分
2020,Rank641,隐瞒之事,かくしごと,12话 /  2020年4月2日 / 村野佑太 / 久米田康治（講談社「月刊少年マガジン」連載） / 山本周平,7.6,6778人评分
2021,Rank41,奇巧计程车,オッドタクシー,13话 /  2021年4月5日 / 木下麦（P.I.C.S.） / P.I.C.S. / 木下麦・中山裕美,8.5,20126人评分
2021,Rank43,剧场版 少女☆歌剧 Revue Starlight,劇場版 少女☆歌劇 レヴュースタァライト,1话 /  2021年6月4日 / 古川知宏 / ブシロード／ネルケプランニング／KINEMA CITRUS / 齊田博之,8.5,10163人评分
2021,Rank68,新・福音战士剧场版：终,シン・エヴァンゲリオン劇場版:│▌,1话 /  2021年3月8日 / 鶴巻和哉、中山勝一、前田真宏 / 庵野秀明 / 錦織敦史、コヤマシゲト、井関修一、安野モヨコ、松原秀典,8.4,13450人评分
2021,Rank72,赛马娘 Pretty Derby 第二季,ウマ娘 プリティーダービー Season 2,13话 /  2021年1月4日 / 及川啓 / Cygames / 椛島洋介、辻智子,8.4,16687人评分
2021,Rank82,无职转生～到了异世界就拿出真本事～ 第2部分,無職転生 ～異世界行ったら本気だす～ 第2クール,12话 /  2021年10月3日 / 岡本学 / 理不尽な孫の手（MFブックス／KADOKAWA刊） / 杉山和隆、髙橋瑞紀,8.3,22465人评分
2021,Rank89,摇曳露营△ 第二季,ゆるキャン△ SEASON 2,13话 /  2021年1月7日 / 京極義昭 / あfろ（芳文社「COMIC FUZ」掲載） / 佐々木睦美,8.3,11539人评分
2021,Rank135,悠哉日常大王 Nonstop,のんのんびより のんすとっぷ,12话 /  2021年1月10日 / 川面真也 / あっと（月刊コミックアライブ連載/KADOKAWA刊） / 大塚舞,8.2,5901人评分
2021,Rank254,VOY@GER,N/A,1话 /  2021年8月25日 / 錦織敦史 / バンダイナムコエンターテインメント,8.0,1959人评分
2021,Rank259,NOMAD MEGALO BOX 2,NOMAD メガロボクス2,13话 /  2021年4月4日 / 森山洋 / 倉島亜由美,8.0,5158人评分
2021,Rank260,86 -不存在的战区- 第2部分,86―エイティシックス― 第2クール,12话 /  2021年10月2日 / 石井俊匡 / 安里アサト（「電撃文庫」刊） / 川上哲也,8.0,14184人评分
2022,Rank71,孤独摇滚！,ぼっち・ざ・ろっく！,12话 /  2022年10月8日 / 斎藤圭一郎 / はまじあき（芳文社「まんがタイムきららMAX」連載中） / けろりら,8.4,37274人评分
2022,Rank83,辉夜大小姐想让我告白-超级浪漫-,かぐや様は告らせたい-ウルトラロマンティック-,13话 /  2022年4月8日 / 畠山守(小俣真一) / 赤坂アカ（集英社「週刊ヤングジャンプ」連載） / 八尋裕子,8.3,21360人评分
2022,Rank94,来自深渊 烈日的黄金乡,メイドインアビス 烈日の黄金郷,12话 /  2022年7月6日 / 小島正幸 / つくしあきひと（竹書房「WEBコミックガンマ」） / 黄瀬和哉 、黒田結花,8.3,12620人评分
2022,Rank103,赛博浪客,Cyberpunk: Edgerunners,"10话 /  2022年9月13日 / 今石洋之 / CD Projekt（Cyberpunk 2077, set in a universe created by Mike Pondsmith） / 吉成曜",8.3,24471人评分
2022,Rank149,灵能百分百 第三季,モブサイコ100 Ⅲ,12话 /  2022年10月5日 / 蓮井隆弘 / ONE（小学館「マンガワン」連載） / 亀田祥倫,8.2,10873人评分
2022,Rank217,擅长捉弄的高木同学 第三季,からかい上手の高木さん③,12话 /  2022年1月7日 / 赤城博昭 / 山本崇一朗「からかい上手の高木さん」「あしたは土曜日」（小学館「ゲッサン」連載中） / 高野綾,8.0,7599人评分
2022,Rank220,向山进发 Next Summit,ヤマノススメ Next Summit,12话 /  2022年10月4日 / 山本裕介 / しろ（コミック アース・スター連載） / 松尾祐輔,8.0,3691人评分
2022,Rank235,辉夜大小姐想让我告白-初吻不会结束- 电影,かぐや様は告らせたい-ファーストキッスは終わらない- 映画,1话 /  2022年12月17日 / 畠山守(小俣真一) / 赤坂アカ（集英社「週刊ヤングジャンプ」連載） / 八尋裕子,8.0,6699人评分
2022,Rank304,死神 千年血战篇,BLEACH 千年血戦篇,13话 /  2022年10月10日 / 田口智久 / 「BLEACH」久保帯人（集英社 ジャンプコミックス刊） / 工藤昌史、（人物设定协力）長谷川亨雄、小松原聖、高柳久美子、鄭泳勲、河野真貴、伊藤憲子,7.9,4399人评分
2022,Rank373,相合之物,であいもん,12话 /  2022年4月6日 / 追崎史敏 / 浅野りん（「ヤングエース」連載／角川コミックス・エース 刊） / 渋谷秀,7.8,9844人评分
2023,Rank36,葬送的芙莉莲,葬送のフリーレン,28话 /  2023年9月29日 / 斎藤圭一郎 / 山田鐘人・アベツカサ（小学館「週刊少年サンデー」連載中） / 長澤礼子,8.6,32520人评分
2023,Rank189,冰海战记 第二季,ヴィンランド・サガ SEASON 2,24话 /  2023年1月9日 / 籔田修平 / 幸村誠「ヴィンランド・サガ」（講談社『アフタヌーン』連載） / 阿比留隆彦,8.1,7388人评分
2023,Rank242,BanG Dream! It's MyGO!!!!!,N/A,13话 /  2023年6月29日 / 柿本広大 / ブシロード / Craft Egg；动画人物设定：茶之原拓也、八森優香、Shin Joseph,8.0,29085人评分
2023,Rank276,辉夜大小姐想让我告白-初吻不会结束-,かぐや様は告らせたい-ファーストキッスは終わらない-,4话 /  2023年3月31日 / 畠山守(小俣真一) / 赤坂アカ（集英社「週刊ヤングジャンプ」連載） / 八尋裕子,7.9,8546人评分
2023,Rank326,Fate/Grand Order Memorial Movie 2023,N/A,1话 /  2023年7月30日 / 周浩嵩,7.9,1324人评分
2023,Rank366,我心里危险的东西,僕の心のヤバイやつ,12话 /  2023年4月1日 / 赤城博昭 / 桜井のりお（秋田書店「マンガクロス」連載） / 勝又聖人,7.8,14328人评分
2023,Rank388,古立特宇宙,グリッドマン ユニバース,1话 /  2023年3月24日 / 雨宮哲 / グリッドマン / 坂本勝,7.8,6307人评分
2023,Rank412,机动战士高达 闪光的哈撒韦 TV剪辑版,機動戦士ガンダム 閃光のハサウェイ TVエディション,4话 /  2023年1月15日,8.0,204人评分
2023,Rank495,偶像大师 灰姑娘女孩 U149,アイドルマスター シンデレラガールズ U149,12话 /  2023年4月5日 / 岡本学 / バンダイナムコエンターテインメント / 井川典恵,7.7,7165人评分
2023,Rank496,天国大魔境,天国大魔境,13话 /  2023年4月1日 / 森大貴 / 石黒正数（講談社「アフタヌーン」連載） / うつした（南方研究所）,7.7,14200人评分
2024,Rank40,航海王：粉丝来信,ONE PIECE FAN LETTER,1话 /  2024年10月20日 / 䂖谷恵 / 尾田栄一郎（集英社「週刊少年ジャンプ」連載） / 森佳祐,8.6,3794人评分
2024,Rank96,我心里危险的东西 第二季,僕の心のヤバイやつ 第2期,13话 /  2024年1月6日 / 赤城博昭 / 桜井のりお（秋田書店「マンガクロス」連載） / 勝又聖人,8.3,12504人评分
2024,Rank122,物语系列 外传季&怪物季,〈物語〉シリーズ オフ&モンスターシーズン,15话 /  2024年7月6日 / 吉澤翠 / 西尾維新『愚物語』『撫物語』『業物語』『忍物語』（講談社BOX） / 渡辺明夫,8.2,5507人评分
2024,Rank253,败犬女主太多了！,負けヒロインが多すぎる！,12话 /  2024年7月13日 / 北村翔太郎 / 雨森たきび（小学館「ガガガ文庫」刊） / 川上哲也,8.0,25217人评分
2024,Rank309,失忆投捕,忘却バッテリー,12话 /  2024年4月9日 / 中園真登 / みかわ絵子（集英社「少年ジャンプ＋」連載） / 長谷川ひとみ,7.9,6255人评分
2024,Rank359,迷宫饭,ダンジョン飯,24话 /  2024年1月4日 / 宮島善博 / 九井諒子（「ダンジョン飯」／KADOKAWA刊） / 竹田直樹,7.8,16198人评分
2024,Rank361,蓦然回首,ルックバック,1话 /  2024年6月28日 / 押山清高 / 藤本タツキ「ルックバック」（集英社ジャンプコミックス刊） / 押山清高,7.8,11116人评分
2024,Rank393,夏目友人帐 柒,夏目友人帳 漆,12话 /  2024年10月7日 / 伊藤秀樹 / 緑川ゆき「夏目友人帳」（白泉社「LaLa」連載） / 髙田晃,7.8,1634人评分
2024,Rank423,剧场版 进击的巨人 完结篇 THE LAST ATTACK,劇場版 進撃の巨人 完結編 THE LAST ATTACK,1话 /  2024年11月8日 / 林祐一郎 / 諫山創（别册少年マガジン／讲谈社） / 岸友洋,7.8,1391人评分
2024,Rank604,为美好的世界献上祝福！第三季,この素晴らしい世界に祝福を！3,11话 /  2024年4月10日 / 安部祐二郎 / 暁なつめ（株式会社KADOKAWA 角川スニーカー文庫刊） / 菊田幸一,7.7,12118人评分
2025,Rank69,剧场版 链锯人 蕾塞篇,劇場版 チェンソーマン レゼ篇,1话 /  2025年9月19日 / 吉原達矢 / 藤本タツキ（集英社「少年ジャンプ＋」連載） / 杉山和隆,8.4,9273人评分
2025,Rank93,辉夜大小姐想让我告白 通往大人的阶梯,かぐや様は告らせたい 大人への階段,2话 /  2025年12月31日 / 畠山守(小俣真一) / 赤坂アカ（集英社ヤングジャンプコミックス刊） / 八尋裕子,8.3,6006人评分
2025,Rank134,末日后酒店,アポカリプスホテル,12话 /  2025年4月8日 / 春藤佳奈 / 横山なつき,8.2,13574人评分
2025,Rank172,琉璃的宝石,瑠璃の宝石,13话 /  2025年7月6日 / 藤井慎吾 / 渋谷圭一郎（HARTA COMIX／KADOKAWA 刊） / 藤井茉由,8.1,7566人评分
2025,Rank228,金牌得主,メダリスト,13话 /  2025年1月4日 / 山本靖貴 / つるまいかだ（講談社「アフタヌーン」連載） / 亀山千夏,8.0,11418人评分
2025,Rank481,彻夜之歌 第二季,よふかしのうた Season 2,12话 /  2025年7月4日 / 板村智幸 / コトヤマ（小学館「週刊少年サンデー」連載中） / 佐川遥,7.7,4733人评分
2025,Rank508,佐贺偶像是传奇 梦想银河乐园,ゾンビランドサガ ゆめぎんがパラダイス,1话 /  2025年10月24日 / 佐藤威・石田貴史 / 広報広聴課ゾンビ係 / 深川可純・山口仁七・崔ふみひで,7.9,167人评分
2025,Rank557,更衣人偶坠入爱河 第二季,その着せ替え人形は恋をする Season 2,12话 /  2025年7月5日 / 篠原啓輔 / 福田晋一（掲載「ヤングガンガン」スクウェア・エニックス刊） / 石田一将,7.7,7585人评分
2025,Rank558,时光流逝，饭菜依旧美味,日々は過ぎれど飯うまし,12话 /  2025年4月12日 / 春水融・川面真也 / team apa / 満田一,7.7,9810人评分
2025,Rank767,哆啦A梦：大雄的绘画奇遇记,映画ドラえもん のび太の絵世界物語,1话 /  2025年3月7日 / 寺本幸代 / 藤子・F・不二雄 / 山下晃,7.6,1018人评分
